Time(UTC),Lev RAD (m)
2021-01-04 13:00:00,7.0199701254233355
2021-01-04 14:00:00,7.262
2021-01-04 15:00:00,7.487286953676653
2021-01-04 16:00:00,7.536
2021-01-04 17:00:00,7.598795783390661
2021-01-04 18:00:00,7.426
2021-01-04 19:00:00,7.071769810008967
2021-01-04 20:00:00,6.733999999999999
2021-01-04 21:00:00,6.437295376019767
2021-01-04 22:00:00,6.2895
2021-01-04 23:00:00,6.201273939477778
2021-01-05 00:00:00,6.302333333333333
2021-01-05 01:00:00,6.471195490849294
2021-01-05 02:00:00,6.815
2021-01-05 03:00:00,7.007652716947185
2021-01-05 04:00:00,7.2485
2021-01-05 05:00:00,7.287177705250512
2021-01-05 06:00:00,7.27
2021-01-05 07:00:00,7.194699517197251
2021-01-05 08:00:00,6.95
2021-01-05 09:00:00,6.782813202544332
2021-01-05 10:00:00,6.601
2021-01-05 11:00:00,6.608428965061808
2021-01-05 12:00:00,6.634333333333333
2021-01-05 13:00:00,6.7757677742998705
2021-01-05 14:00:00,7.042666666666666
2021-01-05 15:00:00,7.1891275350902655
2021-01-05 16:00:00,7.4054
2021-01-05 17:00:00,7.5521538373429
2021-01-05 18:00:00,7.306
2021-01-05 19:00:00,7.312682434240575
2021-01-05 20:00:00,6.8933333333333335
2021-01-05 21:00:00,6.6787970821472715
2021-01-05 22:00:00,6.407
2021-01-05 23:00:00,6.381204716103783
2021-01-06 00:00:00,6.325
2021-01-06 01:00:00,6.446142347747486
2021-01-06 02:00:00,6.6579999999999995
2021-01-06 03:00:00,6.894607272737527
2021-01-06 04:00:00,7.170333333333333
2021-01-06 05:00:00,7.355007531649374
2021-01-06 06:00:00,7.384333333333334
2021-01-06 07:00:00,7.329836015714085
2021-01-06 08:00:00,7.222666666666666
2021-01-06 09:00:00,6.93514202759764
2021-01-06 10:00:00,6.757
2021-01-06 11:00:00,6.664500915891734
2021-01-06 12:00:00,6.586911505565695
2021-01-06 13:00:00,6.618943949143252
2021-01-06 14:00:00,6.878
2021-01-06 15:00:00,6.953698607599351
2021-01-06 16:00:00,7.14225
2021-01-06 17:00:00,7.3183085635895315
2021-01-06 18:00:00,7.357
2021-01-06 19:00:00,7.274100043450225
2021-01-06 20:00:00,7.107624813402065
2021-01-06 21:00:00,6.870483881877532
2021-01-06 22:00:00,6.657907708192501
2021-01-06 23:00:00,6.531751393963981
2021-01-07 00:00:00,6.41475
2021-01-07 01:00:00,6.403964194167335
2021-01-07 02:00:00,6.609
2021-01-07 03:00:00,6.726072745804929
2021-01-07 04:00:00,7.104
2021-01-07 05:00:00,7.326597699612256
2021-01-07 06:00:00,7.476
2021-01-07 07:00:00,7.409424611528748
2021-01-07 08:00:00,7.338321304545997
2021-01-07 09:00:00,7.249934808021252
2021-01-07 10:00:00,6.997
2021-01-07 11:00:00,6.973151614319135
2021-01-07 12:00:00,6.64130472451678
2021-01-07 13:00:00,6.625690914910052
2021-01-07 14:00:00,6.655
2021-01-07 15:00:00,6.810193630588072
2021-01-07 16:00:00,6.838
2021-01-07 17:00:00,6.998665946686335
2021-01-07 18:00:00,7.160666666666667
2021-01-07 19:00:00,7.048677141722468
2021-01-07 20:00:00,7.072481118978911
2021-01-07 21:00:00,6.9769770544590735
2021-01-07 22:00:00,6.8183333333333325
2021-01-07 23:00:00,6.741213810974598
2021-01-08 00:00:00,6.5685
2021-01-08 01:00:00,6.3775671675065295
2021-01-08 02:00:00,6.4965
2021-01-08 03:00:00,6.641238583432966
2021-01-08 04:00:00,6.843
2021-01-08 05:00:00,7.036356244362249
2021-01-08 06:00:00,7.283
2021-01-08 07:00:00,7.438153063188367
2021-01-08 08:00:00,7.405159108284026
2021-01-08 09:00:00,7.425318497314592
2021-01-08 10:00:00,7.292
2021-01-08 11:00:00,7.13272706732415
2021-01-08 12:00:00,6.9605
2021-01-08 13:00:00,6.729002742060169
2021-01-08 14:00:00,6.779
2021-01-08 15:00:00,6.553204459094778
2021-01-08 16:00:00,6.6485
2021-01-08 17:00:00,6.827748410385062
2021-01-08 18:00:00,6.878
2021-01-08 19:00:00,6.951031129119813
2021-01-08 20:00:00,7.001
2021-01-08 21:00:00,7.024273749617574
2021-01-08 22:00:00,6.966678736610289
2021-01-08 23:00:00,6.880538461314421
2021-01-09 00:00:00,6.771333333333334
2021-01-09 01:00:00,6.675263868189711
2021-01-09 02:00:00,6.5675
2021-01-09 03:00:00,6.734084707743552
2021-01-09 04:00:00,6.81571251126553
2021-01-09 05:00:00,6.901517150234625
2021-01-09 06:00:00,7.1475486353900735
2021-01-09 07:00:00,7.383435121362691
2021-01-09 08:00:00,7.476
2021-01-09 09:00:00,7.62145746584224
2021-01-09 10:00:00,7.614
2021-01-09 11:00:00,7.426718628322688
2021-01-09 12:00:00,7.186
2021-01-09 13:00:00,6.963001653905857
2021-01-09 14:00:00,6.770660839361719
2021-01-09 15:00:00,6.60793691005382
2021-01-09 16:00:00,6.5084198248415435
2021-01-09 17:00:00,6.554541637509288
2021-01-09 18:00:00,6.6175
2021-01-09 19:00:00,6.733242210807539
2021-01-09 20:00:00,6.8225999999999996
2021-01-09 21:00:00,6.953563400498629
2021-01-09 22:00:00,6.990316539419149
2021-01-09 23:00:00,6.937924322184527
2021-01-10 00:00:00,6.9795
2021-01-10 01:00:00,6.856568538160073
2021-01-10 02:00:00,6.749
2021-01-10 03:00:00,6.645011693491683
2021-01-10 04:00:00,6.6585
2021-01-10 05:00:00,6.744885900272384
2021-01-10 06:00:00,6.942298978523345
2021-01-10 07:00:00,7.093650789585043
2021-01-10 08:00:00,7.1647642067769555
2021-01-10 09:00:00,7.166119071907573
2021-01-10 10:00:00,7.111858081770023
2021-01-10 11:00:00,7.016123933157427
2021-01-10 12:00:00,6.893059322862906
2021-01-10 13:00:00,6.756806947679592
2021-01-10 14:00:00,6.621509504400601
2021-01-10 15:00:00,6.501309689819058
2021-01-10 16:00:00,6.4103502007280895
2021-01-10 17:00:00,6.362773733920816
2021-01-10 18:00:00,6.372435660983333
2021-01-10 19:00:00,6.449554300471723
2021-01-10 20:00:00,6.58437918199419
2021-01-10 21:00:00,6.7400296814156055
2021-01-10 22:00:00,6.9010470431624
2021-01-10 23:00:00,7.016637993050193
2021-01-11 00:00:00,7.023
2021-01-11 01:00:00,6.9583104719614655
2021-01-11 02:00:00,6.827999999999999
2021-01-11 03:00:00,6.746009131620213
2021-01-11 04:00:00,6.60271359835065
2021-01-11 05:00:00,6.6033557650338155
2021-01-11 06:00:00,6.768
2021-01-11 07:00:00,6.909174781700973
2021-01-11 08:00:00,7.140499999999999
2021-01-11 09:00:00,7.425323736297492
2021-01-11 10:00:00,7.619
2021-01-11 11:00:00,7.706591582766362
2021-01-11 12:00:00,7.6715
2021-01-11 13:00:00,7.525223534934897
2021-01-11 14:00:00,7.2032
2021-01-11 15:00:00,6.893156234667713
2021-01-11 16:00:00,6.653
2021-01-11 17:00:00,6.343264720384102
2021-01-11 18:00:00,6.193
2021-01-11 19:00:00,6.183495035503373
2021-01-11 20:00:00,6.28
2021-01-11 21:00:00,6.477133520826932
2021-01-11 22:00:00,6.777
2021-01-11 23:00:00,6.945104673655098
2021-01-12 00:00:00,7.031
2021-01-12 01:00:00,7.005972861194039
2021-01-12 02:00:00,6.898
2021-01-12 03:00:00,6.805720600733213
2021-01-12 04:00:00,6.624
2021-01-12 05:00:00,6.586592808874332
2021-01-12 06:00:00,6.5665
2021-01-12 07:00:00,6.69260515244059
2021-01-12 08:00:00,6.866
2021-01-12 09:00:00,7.161699317939332
2021-01-12 10:00:00,7.391
2021-01-12 11:00:00,7.6763428147141415
2021-01-12 12:00:00,7.752
2021-01-12 13:00:00,7.75630765025864
2021-01-12 14:00:00,7.49086423775237
2021-01-12 15:00:00,7.201638267008047
2021-01-12 16:00:00,6.844841981780003
2021-01-12 17:00:00,6.484091052790058
2021-01-12 18:00:00,6.204
2021-01-12 19:00:00,6.06781184743757
2021-01-12 20:00:00,6.09
2021-01-12 21:00:00,6.31757343673579
2021-01-12 22:00:00,6.498
2021-01-12 23:00:00,6.785473608968
2021-01-13 00:00:00,7.063621167845912
2021-01-13 01:00:00,7.122147680634987
2021-01-13 02:00:00,7.082333333333334
2021-01-13 03:00:00,7.004867592922845
2021-01-13 04:00:00,6.858247171529911
2021-01-13 05:00:00,6.646557487511254
2021-01-13 06:00:00,6.485
2021-01-13 07:00:00,6.522390835617873
2021-01-13 08:00:00,6.6545414528282425
2021-01-13 09:00:00,6.868474121932701
2021-01-13 10:00:00,7.163243062305871
2021-01-13 11:00:00,7.526898301487947
2021-01-13 12:00:00,7.764
2021-01-13 13:00:00,7.805169645413839
2021-01-13 14:00:00,7.741
2021-01-13 15:00:00,7.504805871453621
2021-01-13 16:00:00,7.12875
2021-01-13 17:00:00,6.700750591298785
2021-01-13 18:00:00,6.342278029733543
2021-01-13 19:00:00,6.118479291178705
2021-01-13 20:00:00,6.029
2021-01-13 21:00:00,6.087268968203136
2021-01-13 22:00:00,6.272
2021-01-13 23:00:00,6.6038205392492895
2021-01-14 00:00:00,6.875241977400613
2021-01-14 01:00:00,6.989173721164508
2021-01-14 02:00:00,6.980760370814731
2021-01-14 03:00:00,6.88709584562838
2021-01-14 04:00:00,6.74527406488255
2021-01-14 05:00:00,6.5923889478543405
2021-01-14 06:00:00,6.46553441382085
2021-01-14 07:00:00,6.401804382059176
2021-01-14 08:00:00,6.43
2021-01-14 09:00:00,6.539241138180111
2021-01-14 10:00:00,6.844
2021-01-14 11:00:00,7.184301091072272
2021-01-14 12:00:00,7.523
2021-01-14 13:00:00,7.71248683262356
2021-01-14 14:00:00,7.76068033902523
2021-01-14 15:00:00,7.683760074082288
2021-01-14 16:00:00,7.398
2021-01-14 17:00:00,7.010335974734742
2021-01-14 18:00:00,6.591308540402378
2021-01-14 19:00:00,6.208443353288778
2021-01-14 20:00:00,5.9895
2021-01-14 21:00:00,5.923456710505715
2021-01-14 22:00:00,6.064
2021-01-14 23:00:00,6.377511230040923
2021-01-15 00:00:00,6.72860476529632
2021-01-15 01:00:00,7.006584949616257
2021-01-15 02:00:00,7.153499999999999
2021-01-15 03:00:00,7.235956243089296
2021-01-15 04:00:00,7.116
2021-01-15 05:00:00,6.907449040953426
2021-01-15 06:00:00,6.612952472310383
2021-01-15 07:00:00,6.440075376251459
2021-01-15 08:00:00,6.345
2021-01-15 09:00:00,6.377643449623659
2021-01-15 10:00:00,6.603333333333333
2021-01-15 11:00:00,6.884638938532245
2021-01-15 12:00:00,7.23
2021-01-15 13:00:00,7.590278084779214
2021-01-15 14:00:00,7.684
2021-01-15 15:00:00,7.704553128094172
2021-01-15 16:00:00,7.498373452082353
2021-01-15 17:00:00,7.222281183585539
2021-01-15 18:00:00,6.791200000000001
2021-01-15 19:00:00,6.409305597972382
2021-01-15 20:00:00,6.028721184607519
2021-01-15 21:00:00,5.948852284632101
2021-01-15 22:00:00,6.0456666666666665
2021-01-15 23:00:00,6.223866932455967
2021-01-16 00:00:00,6.5495
2021-01-16 01:00:00,6.895969248300495
2021-01-16 02:00:00,7.068877780843735
2021-01-16 03:00:00,7.267619635222966
2021-01-16 04:00:00,7.192
2021-01-16 05:00:00,7.0987596994100866
2021-01-16 06:00:00,6.774
2021-01-16 07:00:00,6.634063495452511
2021-01-16 08:00:00,6.409
2021-01-16 09:00:00,6.39036129551658
2021-01-16 10:00:00,6.471
2021-01-16 11:00:00,6.656225331320002
2021-01-16 12:00:00,6.967
2021-01-16 13:00:00,7.283948350990925
2021-01-16 14:00:00,7.570104863366288
2021-01-16 15:00:00,7.6673540031108125
2021-01-16 16:00:00,7.557688604667887
2021-01-16 17:00:00,7.3703873373765445
2021-01-16 18:00:00,7.105
2021-01-16 19:00:00,6.65979981162936
2021-01-16 20:00:00,6.381
2021-01-16 21:00:00,6.121884720044623
2021-01-16 22:00:00,6.03
2021-01-16 23:00:00,6.120119506103289
2021-01-17 00:00:00,6.401
2021-01-17 01:00:00,6.663984295917729
2021-01-17 02:00:00,7.079000000000001
2021-01-17 03:00:00,7.186780439508168
2021-01-17 04:00:00,7.329
2021-01-17 05:00:00,7.2434860013428235
2021-01-17 06:00:00,7.0665
2021-01-17 07:00:00,6.825982287488546
2021-01-17 08:00:00,6.539606227093726
2021-01-17 09:00:00,6.3863943150974345
2021-01-17 10:00:00,6.391
2021-01-17 11:00:00,6.59983760664259
2021-01-17 12:00:00,6.772
2021-01-17 13:00:00,7.0900114826505884
2021-01-17 14:00:00,7.3790000000000004
2021-01-17 15:00:00,7.561912396163214
2021-01-17 16:00:00,7.599666666666667
2021-01-17 17:00:00,7.364989768882795
2021-01-17 18:00:00,7.247399999999999
2021-01-17 19:00:00,6.878435696623219
2021-01-17 20:00:00,6.474
2021-01-17 21:00:00,6.271086056217936
2021-01-17 22:00:00,6.186666666666667
2021-01-17 23:00:00,6.112495630044098
2021-01-18 00:00:00,6.306
2021-01-18 01:00:00,6.6375474314889695
2021-01-18 02:00:00,6.892250000000001
2021-01-18 03:00:00,7.194600432529471
2021-01-18 04:00:00,7.349
2021-01-18 05:00:00,7.405411634840454
2021-01-18 06:00:00,7.235071913464941
2021-01-18 07:00:00,6.978764287185126
2021-01-18 08:00:00,6.7026666666666666
2021-01-18 09:00:00,6.578099286233866
2021-01-18 10:00:00,6.432
2021-01-18 11:00:00,6.414364495320549
2021-01-18 12:00:00,6.560333333333333
2021-01-18 13:00:00,6.851280290430909
2021-01-18 14:00:00,7.119
2021-01-18 15:00:00,7.347929745941005
2021-01-18 16:00:00,7.4323052472475
2021-01-18 17:00:00,7.404973291502123
2021-01-18 18:00:00,7.26
2021-01-18 19:00:00,6.962590707721079
2021-01-18 20:00:00,6.659000000000001
2021-01-18 21:00:00,6.452505813569441
2021-01-18 22:00:00,6.2665
2021-01-18 23:00:00,6.225377129094799
2021-01-19 00:00:00,6.314316903378666
2021-01-19 01:00:00,6.485594163665018
2021-01-19 02:00:00,6.702154937139315
2021-01-19 03:00:00,6.927123104093212
2021-01-19 04:00:00,7.123622544818367
2021-01-19 05:00:00,7.254777139606437
2021-01-19 06:00:00,7.28371076874908
2021-01-19 07:00:00,7.174599722001395
2021-01-19 08:00:00,6.954764856925219
2021-01-19 09:00:00,6.745806592655121
2021-01-19 10:00:00,6.536
2021-01-19 11:00:00,6.532890316489748
2021-01-19 12:00:00,6.567333333333333
2021-01-19 13:00:00,6.717928199877919
2021-01-19 14:00:00,6.932
2021-01-19 15:00:00,7.07196170962429
2021-01-19 16:00:00,7.267
2021-01-19 17:00:00,7.355566778156509
2021-01-19 18:00:00,7.210509565648218
2021-01-19 19:00:00,7.037749815292444
2021-01-19 20:00:00,6.830666666666667
2021-01-19 21:00:00,6.6035180986275135
2021-01-19 22:00:00,6.404
2021-01-19 23:00:00,6.338867034110398
2021-01-20 00:00:00,6.40086470969841
2021-01-20 01:00:00,6.477781473373062
2021-01-20 02:00:00,6.7555
2021-01-20 03:00:00,6.9610563524995746
2021-01-20 04:00:00,7.232666666666667
2021-01-20 05:00:00,7.328548951083251
2021-01-20 06:00:00,7.3485
2021-01-20 07:00:00,7.289551508508436
2021-01-20 08:00:00,7.061
2021-01-20 09:00:00,6.899616356478053
2021-01-20 10:00:00,6.643
2021-01-20 11:00:00,6.589363798352946
2021-01-20 12:00:00,6.561
2021-01-20 13:00:00,6.589520809213534
2021-01-20 14:00:00,6.766
2021-01-20 15:00:00,6.903092653226718
2021-01-20 16:00:00,7.043
2021-01-20 17:00:00,7.146926454631296
2021-01-20 18:00:00,7.118
2021-01-20 19:00:00,7.02542503116824
2021-01-20 20:00:00,6.854567408077425
2021-01-20 21:00:00,6.688272668631681
2021-01-20 22:00:00,6.56025
2021-01-20 23:00:00,6.464381622879847
2021-01-21 00:00:00,6.507307545261212
2021-01-21 01:00:00,6.617935313263244
2021-01-21 02:00:00,6.772293248971429
2021-01-21 03:00:00,6.947803083406401
2021-01-21 04:00:00,7.12188654758879
2021-01-21 05:00:00,7.27155851424069
2021-01-21 06:00:00,7.336
2021-01-21 07:00:00,7.259960764924663
2021-01-21 08:00:00,7.196350994920307
2021-01-21 09:00:00,7.016362493964801
2021-01-21 10:00:00,6.861000000000001
2021-01-21 11:00:00,6.715257833193626
2021-01-21 12:00:00,6.637
2021-01-21 13:00:00,6.638940660898563
2021-01-21 14:00:00,6.6925
2021-01-21 15:00:00,6.77409386638759
2021-01-21 16:00:00,6.856475091541405
2021-01-21 17:00:00,6.973928890081621
2021-01-21 18:00:00,6.965249999999999
2021-01-21 19:00:00,6.942455808936626
2021-01-21 20:00:00,6.838
2021-01-21 21:00:00,6.759166994337748
2021-01-21 22:00:00,6.644
2021-01-21 23:00:00,6.5423109271522275
2021-01-22 00:00:00,6.5440000000000005
2021-01-22 01:00:00,6.51131971923493
2021-01-22 02:00:00,6.6485
2021-01-22 03:00:00,6.796675105472929
2021-01-22 04:00:00,6.918
2021-01-22 05:00:00,7.1411566785797005
2021-01-22 06:00:00,7.239
2021-01-22 07:00:00,7.281280967223722
2021-01-22 08:00:00,7.240377798602082
2021-01-22 09:00:00,7.137516218555969
2021-01-22 10:00:00,7.021333333333334
2021-01-22 11:00:00,6.84169072153532
2021-01-22 12:00:00,6.78
2021-01-22 13:00:00,6.721315527837205
2021-01-22 14:00:00,6.6745
2021-01-22 15:00:00,6.7189782951530095
2021-01-22 16:00:00,6.757
2021-01-22 17:00:00,6.8129835198048205
2021-01-22 18:00:00,6.859999999999999
2021-01-22 19:00:00,6.866134067933502
2021-01-22 20:00:00,6.829310432837075
2021-01-22 21:00:00,6.809239341268286
2021-01-22 22:00:00,6.723
2021-01-22 23:00:00,6.688658097798751
2021-01-23 00:00:00,6.67
2021-01-23 01:00:00,6.630872906529915
2021-01-23 02:00:00,6.6635
2021-01-23 03:00:00,6.757906313252164
2021-01-23 04:00:00,6.882033012149417
2021-01-23 05:00:00,7.036788623977556
2021-01-23 06:00:00,7.148333333333333
2021-01-23 07:00:00,7.278075423042871
2021-01-23 08:00:00,7.253
2021-01-23 09:00:00,7.283518153399339
2021-01-23 10:00:00,7.184
2021-01-23 11:00:00,7.0831130152938515
2021-01-23 12:00:00,6.951
2021-01-23 13:00:00,6.871063384653761
2021-01-23 14:00:00,6.772
2021-01-23 15:00:00,6.66121598271055
2021-01-23 16:00:00,6.601
2021-01-23 17:00:00,6.608518014397653
2021-01-23 18:00:00,6.6995000000000005
2021-01-23 19:00:00,6.703097268611471
2021-01-23 20:00:00,6.762
2021-01-23 21:00:00,6.816486517805871
2021-01-23 22:00:00,6.789
2021-01-23 23:00:00,6.777395472149925
2021-01-24 00:00:00,6.765
2021-01-24 01:00:00,6.693683041107483
2021-01-24 02:00:00,6.678
2021-01-24 03:00:00,6.73494972916375
2021-01-24 04:00:00,6.779
2021-01-24 05:00:00,6.902615920470466
2021-01-24 06:00:00,6.985721988121518
2021-01-24 07:00:00,7.109695600316878
2021-01-24 08:00:00,7.166250000000001
2021-01-24 09:00:00,7.254526943231584
2021-01-24 10:00:00,7.263999999999999
2021-01-24 11:00:00,7.217453351640771
2021-01-24 12:00:00,7.041
2021-01-24 13:00:00,6.962461271448296
2021-01-24 14:00:00,6.81975
2021-01-24 15:00:00,6.682810533047814
2021-01-24 16:00:00,6.554
2021-01-24 17:00:00,6.491016010065414
2021-01-24 18:00:00,6.505
2021-01-24 19:00:00,6.559856943550629
2021-01-24 20:00:00,6.634499999999999
2021-01-24 21:00:00,6.706672925301964
2021-01-24 22:00:00,6.729427273209847
2021-01-24 23:00:00,6.830358513247471
2021-01-25 00:00:00,6.864666666666667
2021-01-25 01:00:00,6.755432046863473
2021-01-25 02:00:00,6.7965
2021-01-25 03:00:00,6.733336741085113
2021-01-25 04:00:00,6.7235
2021-01-25 05:00:00,6.810206346808968
2021-01-25 06:00:00,6.866667752750061
2021-01-25 07:00:00,6.93976199040466
2021-01-25 08:00:00,7.085
2021-01-25 09:00:00,7.223512446998034
2021-01-25 10:00:00,7.317995628467914
2021-01-25 11:00:00,7.363782235995404
2021-01-25 12:00:00,7.344
2021-01-25 13:00:00,7.219015861151357
2021-01-25 14:00:00,6.939666666666667
2021-01-25 15:00:00,6.8236783501195735
2021-01-25 16:00:00,6.635
2021-01-25 17:00:00,6.4026852452242995
2021-01-25 18:00:00,6.4155
2021-01-25 19:00:00,6.427703427955267
2021-01-25 20:00:00,6.440418424451211
2021-01-25 21:00:00,6.57102875747886
2021-01-25 22:00:00,6.7465
2021-01-25 23:00:00,6.86936080733214
2021-01-26 00:00:00,6.791
2021-01-26 01:00:00,6.908517616401839
2021-01-26 02:00:00,6.8
2021-01-26 03:00:00,6.802445954784763
2021-01-26 04:00:00,6.666
2021-01-26 05:00:00,6.751740218800511
2021-01-26 06:00:00,6.78
2021-01-26 07:00:00,6.838183670082009
2021-01-26 08:00:00,6.98175
2021-01-26 09:00:00,7.15277363312448
2021-01-26 10:00:00,7.394
2021-01-26 11:00:00,7.424899907445126
2021-01-26 12:00:00,7.49
2021-01-26 13:00:00,7.424735998698335
2021-01-26 14:00:00,7.244999999999999
2021-01-26 15:00:00,6.9937124313030905
2021-01-26 16:00:00,6.812
2021-01-26 17:00:00,6.552641310522145
2021-01-26 18:00:00,6.3774999999999995
2021-01-26 19:00:00,6.320746300297417
2021-01-26 20:00:00,6.370666666666668
2021-01-26 21:00:00,6.513217740678835
2021-01-26 22:00:00,6.699867285016407
2021-01-26 23:00:00,6.878254693055112
2021-01-27 00:00:00,7.02474936252747
2021-01-27 01:00:00,7.054229019432686
2021-01-27 02:00:00,6.998
2021-01-27 03:00:00,6.951393667200559
2021-01-27 04:00:00,6.827
2021-01-27 05:00:00,6.7071644124106635
2021-01-27 06:00:00,6.68
2021-01-27 07:00:00,6.761994387444948
2021-01-27 08:00:00,6.778979001219101
2021-01-27 09:00:00,6.9394012126849525
2021-01-27 10:00:00,7.25
2021-01-27 11:00:00,7.512681531438935
2021-01-27 12:00:00,7.547
2021-01-27 13:00:00,7.596793947638402
2021-01-27 14:00:00,7.428000000000001
2021-01-27 15:00:00,7.2120239370420975
2021-01-27 16:00:00,6.9544999999999995
2021-01-27 17:00:00,6.619536443675219
2021-01-27 18:00:00,6.41
2021-01-27 19:00:00,6.2713904551893025
2021-01-27 20:00:00,6.295549005510203
2021-01-27 21:00:00,6.392898785167842
2021-01-27 22:00:00,6.618
2021-01-27 23:00:00,6.829479428889096
2021-01-28 00:00:00,7.02
2021-01-28 01:00:00,7.105087579265884
2021-01-28 02:00:00,7.163752161260646
2021-01-28 03:00:00,7.065762616234582
2021-01-28 04:00:00,6.842
2021-01-28 05:00:00,6.748809842311004
2021-01-28 06:00:00,6.659
2021-01-28 07:00:00,6.599871105810349
2021-01-28 08:00:00,6.725
2021-01-28 09:00:00,6.901435287356976
2021-01-28 10:00:00,7.198
2021-01-28 11:00:00,7.4682913890426805
2021-01-28 12:00:00,7.644
2021-01-28 13:00:00,7.675542711332617
2021-01-28 14:00:00,7.609500000000001
2021-01-28 15:00:00,7.442302920400835
2021-01-28 16:00:00,7.11307666964495
2021-01-28 17:00:00,6.811687907720502
2021-01-28 18:00:00,6.451333333333333
2021-01-28 19:00:00,6.254312694905598
2021-01-28 20:00:00,6.192162981809448
2021-01-28 21:00:00,6.2440367418564815
2021-01-28 22:00:00,6.457
2021-01-28 23:00:00,6.734081880174932
2021-01-29 00:00:00,6.969
2021-01-29 01:00:00,7.191347143604296
2021-01-29 02:00:00,7.248
2021-01-29 03:00:00,7.181265235115713
2021-01-29 04:00:00,7.040864428178876
2021-01-29 05:00:00,6.861371370891597
2021-01-29 06:00:00,6.6754999999999995
2021-01-29 07:00:00,6.59509485624861
2021-01-29 08:00:00,6.631
2021-01-29 09:00:00,6.780522870493267
2021-01-29 10:00:00,7.06
2021-01-29 11:00:00,7.280795040108668
2021-01-29 12:00:00,7.625
2021-01-29 13:00:00,7.735474610504039
2021-01-29 14:00:00,7.882307285322493
2021-01-29 15:00:00,7.701615126977243
2021-01-29 16:00:00,7.385648007719022
2021-01-29 17:00:00,7.018983179999876
2021-01-29 18:00:00,6.650874358948876
2021-01-29 19:00:00,6.361025631853429
2021-01-29 20:00:00,6.1945
2021-01-29 21:00:00,6.194242089312718
2021-01-29 22:00:00,6.367
2021-01-29 23:00:00,6.594813558492777
2021-01-30 00:00:00,6.93096016882198
2021-01-30 01:00:00,7.220966103467639
2021-01-30 02:00:00,7.311
2021-01-30 03:00:00,7.340002879040494
2021-01-30 04:00:00,7.249
2021-01-30 05:00:00,6.9439466864267105
2021-01-30 06:00:00,6.744015722639456
2021-01-30 07:00:00,6.54406746562091
2021-01-30 08:00:00,6.4585
2021-01-30 09:00:00,6.5316290237311545
2021-01-30 10:00:00,6.756
2021-01-30 11:00:00,7.020529882747464
2021-01-30 12:00:00,7.318670953162195
2021-01-30 13:00:00,7.644566782552026
2021-01-30 14:00:00,7.8375
2021-01-30 15:00:00,7.816989324035693
2021-01-30 16:00:00,7.675987204992181
2021-01-30 17:00:00,7.2754705672279885
2021-01-30 18:00:00,6.7956666666666665
2021-01-30 19:00:00,6.485981713078353
2021-01-30 20:00:00,6.2585
2021-01-30 21:00:00,6.185643154325303
2021-01-30 22:00:00,6.18
2021-01-30 23:00:00,6.379131446744954
2021-01-31 00:00:00,6.726321133633376
2021-01-31 01:00:00,7.021056569396642
2021-01-31 02:00:00,7.2219999999999995
2021-01-31 03:00:00,7.3615092926044525
2021-01-31 04:00:00,7.2831689015552525
2021-01-31 05:00:00,7.024382629673854
2021-01-31 06:00:00,6.9035
2021-01-31 07:00:00,6.526453878857186
2021-01-31 08:00:00,6.4585
2021-01-31 09:00:00,6.4271406697524585
2021-01-31 10:00:00,6.488333333333333
2021-01-31 11:00:00,6.880856294014932
2021-01-31 12:00:00,7.129333333333332
2021-01-31 13:00:00,7.540769541471014
2021-01-31 14:00:00,7.738
2021-01-31 15:00:00,7.797940049492331
2021-01-31 16:00:00,7.708
2021-01-31 17:00:00,7.207661401021715
2021-01-31 18:00:00,6.840723253190706
2021-01-31 19:00:00,6.551721445520155
2021-01-31 20:00:00,6.2385
2021-01-31 21:00:00,6.091484248520418
2021-01-31 22:00:00,6.090333333333334
2021-01-31 23:00:00,6.277669725297468
2021-02-01 00:00:00,6.558
2021-02-01 01:00:00,6.856440036011278
2021-02-01 02:00:00,7.211
2021-02-01 03:00:00,7.380626627305864
2021-02-01 04:00:00,7.46
2021-02-01 05:00:00,7.340489974857677
2021-02-01 06:00:00,7.153900020044942
2021-02-01 07:00:00,6.749539156730344
2021-02-01 08:00:00,6.5226
2021-02-01 09:00:00,6.4445361703418875
2021-02-01 10:00:00,6.38
2021-02-01 11:00:00,6.652575357025888
2021-02-01 12:00:00,6.921498222666791
2021-02-01 13:00:00,7.232931271866738
2021-02-01 14:00:00,7.5322499999999994
2021-02-01 15:00:00,7.7242608975930525
2021-02-01 16:00:00,7.67
2021-02-01 17:00:00,7.5270773028023275
2021-02-01 18:00:00,7.259666666666667
2021-02-01 19:00:00,6.849809121282311
2021-02-01 20:00:00,6.488
2021-02-01 21:00:00,6.25751121526953
2021-02-01 22:00:00,6.117561357687476
2021-02-01 23:00:00,6.231881408777386
2021-02-02 00:00:00,6.422562054538654
2021-02-02 01:00:00,6.735822495779966
2021-02-02 02:00:00,7.158
2021-02-02 03:00:00,7.401940359195033
2021-02-02 04:00:00,7.556029253721338
2021-02-02 05:00:00,7.453498030125959
2021-02-02 06:00:00,7.346
2021-02-02 07:00:00,6.999287528302733
2021-02-02 08:00:00,6.6105
2021-02-02 09:00:00,6.392675498131954
2021-02-02 10:00:00,6.3665
2021-02-02 11:00:00,6.386128235502329
2021-02-02 12:00:00,6.711
2021-02-02 13:00:00,6.921260422413599
2021-02-02 14:00:00,7.205
2021-02-02 15:00:00,7.46712146565716
2021-02-02 16:00:00,7.6295
2021-02-02 17:00:00,7.532631696747458
2021-02-02 18:00:00,7.3255
2021-02-02 19:00:00,6.990196970141709
2021-02-02 20:00:00,6.596
2021-02-02 21:00:00,6.40435502255034
2021-02-02 22:00:00,6.3145
2021-02-02 23:00:00,6.224175190573949
2021-02-03 00:00:00,6.309666666666666
2021-02-03 01:00:00,6.6174100676043155
2021-02-03 02:00:00,7.033999999999999
2021-02-03 03:00:00,7.335438794001684
2021-02-03 04:00:00,7.5489999999999995
2021-02-03 05:00:00,7.5325809172545215
2021-02-03 06:00:00,7.487069226926131
2021-02-03 07:00:00,7.221218765779818
2021-02-03 08:00:00,6.8785
2021-02-03 09:00:00,6.591500668934647
2021-02-03 10:00:00,6.417666666666666
2021-02-03 11:00:00,6.384898533625289
2021-02-03 12:00:00,6.451024484912029
2021-02-03 13:00:00,6.677339593909544
2021-02-03 14:00:00,6.995
2021-02-03 15:00:00,7.218521342643973
2021-02-03 16:00:00,7.436
2021-02-03 17:00:00,7.44069330175744
2021-02-03 18:00:00,7.327954169508222
2021-02-03 19:00:00,7.145981858417086
2021-02-03 20:00:00,6.831333333333333
2021-02-03 21:00:00,6.618784240431554
2021-02-03 22:00:00,6.384666666666667
2021-02-03 23:00:00,6.28490590328432
2021-02-04 00:00:00,6.34
2021-02-04 01:00:00,6.616151697845692
2021-02-04 02:00:00,6.92465732309104
2021-02-04 03:00:00,7.196423459858971
2021-02-04 04:00:00,7.404
2021-02-04 05:00:00,7.604639898544656
2021-02-04 06:00:00,7.514
2021-02-04 07:00:00,7.42245428000248
2021-02-04 08:00:00,7.099788364265781
2021-02-04 09:00:00,6.877166082532403
2021-02-04 10:00:00,6.621666666666667
2021-02-04 11:00:00,6.523212969518522
2021-02-04 12:00:00,6.4305
2021-02-04 13:00:00,6.557947002504459
2021-02-04 14:00:00,6.664
2021-02-04 15:00:00,7.020594616189026
2021-02-04 16:00:00,7.197
2021-02-04 17:00:00,7.331342575325654
2021-02-04 18:00:00,7.227
2021-02-04 19:00:00,7.137096616813217
2021-02-04 20:00:00,6.9145
2021-02-04 21:00:00,6.695873499166427
2021-02-04 22:00:00,6.498
2021-02-04 23:00:00,6.403418288573
2021-02-05 00:00:00,6.383
2021-02-05 01:00:00,6.480750495037532
2021-02-05 02:00:00,6.73
2021-02-05 03:00:00,6.989430969475311
2021-02-05 04:00:00,7.201
2021-02-05 05:00:00,7.408172425579647
2021-02-05 06:00:00,7.6205
2021-02-05 07:00:00,7.5101237337163935
2021-02-05 08:00:00,7.345000000000001
2021-02-05 09:00:00,7.110226754501305
2021-02-05 10:00:00,6.928124857343407
2021-02-05 11:00:00,6.626742245147732
2021-02-05 12:00:00,6.551
2021-02-05 13:00:00,6.508333710748666
2021-02-05 14:00:00,6.556333333333334
2021-02-05 15:00:00,6.685686001322872
2021-02-05 16:00:00,6.834
2021-02-05 17:00:00,6.92207355947823
2021-02-05 18:00:00,7.002
2021-02-05 19:00:00,7.022049859788125
2021-02-05 20:00:00,6.9254999999999995
2021-02-05 21:00:00,6.797942952417525
2021-02-05 22:00:00,6.6434999999999995
2021-02-05 23:00:00,6.441964375870172
2021-02-06 00:00:00,6.4245
2021-02-06 01:00:00,6.437553526712359
2021-02-06 02:00:00,6.5985
2021-02-06 03:00:00,6.814127235087114
2021-02-06 04:00:00,7.025499999999999
2021-02-06 05:00:00,7.239301065782553
2021-02-06 06:00:00,7.39711798136032
2021-02-06 07:00:00,7.456717904575034
2021-02-06 08:00:00,7.360333333333334
2021-02-06 09:00:00,7.261609459871679
2021-02-06 10:00:00,7.193997579147028
2021-02-06 11:00:00,6.998276887165243
2021-02-06 12:00:00,6.673
2021-02-06 13:00:00,6.584213103249551
2021-02-06 14:00:00,6.445666666666667
2021-02-06 15:00:00,6.554353561277922
2021-02-06 16:00:00,6.5665
2021-02-06 17:00:00,6.701800347737629
2021-02-06 18:00:00,6.855
2021-02-06 19:00:00,6.7973024768909385
2021-02-06 20:00:00,6.865
2021-02-06 21:00:00,6.721823787154874
2021-02-06 22:00:00,6.756
2021-02-06 23:00:00,6.618503230160185
2021-02-07 00:00:00,6.4655000000000005
2021-02-07 01:00:00,6.588212346605255
2021-02-07 02:00:00,6.512666666666667
2021-02-07 03:00:00,6.559547849649291
2021-02-07 04:00:00,6.765000000000001
2021-02-07 05:00:00,7.02960850306314
2021-02-07 06:00:00,7.113750365492783
2021-02-07 07:00:00,7.303067940657823
2021-02-07 08:00:00,7.301
2021-02-07 09:00:00,7.297545095154982
2021-02-07 10:00:00,7.317
2021-02-07 11:00:00,7.049883709112023
2021-02-07 12:00:00,6.772
2021-02-07 13:00:00,6.766340481875557
2021-02-07 14:00:00,6.692723323892321
2021-02-07 15:00:00,6.537732456417777
2021-02-07 16:00:00,6.404
2021-02-07 17:00:00,6.552312033626501
2021-02-07 18:00:00,6.661
2021-02-07 19:00:00,6.646531378337495
2021-02-07 20:00:00,6.792
2021-02-07 21:00:00,6.68970212615711
2021-02-07 22:00:00,6.813498704196636
2021-02-07 23:00:00,6.776487641498776
2021-02-08 00:00:00,6.728999999999999
2021-02-08 01:00:00,6.639712291319388
2021-02-08 02:00:00,6.570790524238673
2021-02-08 03:00:00,6.563973495038624
2021-02-08 04:00:00,6.661
2021-02-08 05:00:00,6.83856085890641
2021-02-08 06:00:00,6.948
2021-02-08 07:00:00,7.024508858954727
2021-02-08 08:00:00,7.232
2021-02-08 09:00:00,7.432435823088062
2021-02-08 10:00:00,7.481
2021-02-08 11:00:00,7.416002429763994
2021-02-08 12:00:00,7.246
2021-02-08 13:00:00,7.033617762018337
2021-02-08 14:00:00,6.797
2021-02-08 15:00:00,6.5982582174373725
2021-02-08 16:00:00,6.411
2021-02-08 17:00:00,6.3033465618453155
2021-02-08 18:00:00,6.353
2021-02-08 19:00:00,6.413019066461972
2021-02-08 20:00:00,6.509333333333333
2021-02-08 21:00:00,6.6179119821321235
2021-02-08 22:00:00,6.765535635626618
2021-02-08 23:00:00,6.871858988854627
2021-02-09 00:00:00,6.835666666666666
2021-02-09 01:00:00,6.817221723614274
2021-02-09 02:00:00,6.693666666666666
2021-02-09 03:00:00,6.55227065260766
2021-02-09 04:00:00,6.6345
2021-02-09 05:00:00,6.603458982075406
2021-02-09 06:00:00,6.750416806022347
2021-02-09 07:00:00,6.857811607385484
2021-02-09 08:00:00,6.855815632233814
2021-02-09 09:00:00,7.0353902057595405
2021-02-09 10:00:00,7.474
2021-02-09 11:00:00,7.44191391186618
2021-02-09 12:00:00,7.435499999999999
2021-02-09 13:00:00,7.332424532418671
2021-02-09 14:00:00,7.032174746198227
2021-02-09 15:00:00,6.787977995067764
2021-02-09 16:00:00,6.5282
2021-02-09 17:00:00,6.250567825669166
2021-02-09 18:00:00,6.195546280649406
2021-02-09 19:00:00,6.196429788155637
2021-02-09 20:00:00,6.247086726006379
2021-02-09 21:00:00,6.434497271342012
2021-02-09 22:00:00,6.690839132745936
2021-02-09 23:00:00,6.834162910073484
2021-02-10 00:00:00,6.878
2021-02-10 01:00:00,7.004098293173896
2021-02-10 02:00:00,6.8987685423851595
2021-02-10 03:00:00,6.758378137968025
2021-02-10 04:00:00,6.593
2021-02-10 05:00:00,6.515212476817842
2021-02-10 06:00:00,6.540507108864395
2021-02-10 07:00:00,6.577275082669465
2021-02-10 08:00:00,6.692
2021-02-10 09:00:00,6.99668523953527
2021-02-10 10:00:00,7.238343040206337
2021-02-10 11:00:00,7.427714440103638
2021-02-10 12:00:00,7.501336261140924
2021-02-10 13:00:00,7.5014581029374945
2021-02-10 14:00:00,7.3605
2021-02-10 15:00:00,7.090711516611101
2021-02-10 16:00:00,6.7463999999999995
2021-02-10 17:00:00,6.446167658507853
2021-02-10 18:00:00,6.174
2021-02-10 19:00:00,6.087472395954294
2021-02-10 20:00:00,6.163
2021-02-10 21:00:00,6.279266941685791
2021-02-10 22:00:00,6.5329999999999995
2021-02-10 23:00:00,6.798491236106577
2021-02-11 00:00:00,6.964
2021-02-11 01:00:00,7.054112849944791
2021-02-11 02:00:00,7.0290004466308895
2021-02-11 03:00:00,6.883818115549446
2021-02-11 04:00:00,6.804
2021-02-11 05:00:00,6.550870033501757
2021-02-11 06:00:00,6.374333333333333
2021-02-11 07:00:00,6.382273475692476
2021-02-11 08:00:00,6.4725
2021-02-11 09:00:00,6.655779055124545
2021-02-11 10:00:00,7.035
2021-02-11 11:00:00,7.274682648643393
2021-02-11 12:00:00,7.554
2021-02-11 13:00:00,7.589720750048977
2021-02-11 14:00:00,7.535
2021-02-11 15:00:00,7.281671682143047
2021-02-11 16:00:00,6.98475
2021-02-11 17:00:00,6.604435111845871
2021-02-11 18:00:00,6.238827522743507
2021-02-11 19:00:00,6.044762556686327
2021-02-11 20:00:00,5.9879999999999995
2021-02-11 21:00:00,6.004089962195036
2021-02-11 22:00:00,6.2928
2021-02-11 23:00:00,6.607672156901813
2021-02-12 00:00:00,6.878402004731894
2021-02-12 01:00:00,7.061548686690694
2021-02-12 02:00:00,7.152333333333334
2021-02-12 03:00:00,7.01809028844845
2021-02-12 04:00:00,6.8870000000000005
2021-02-12 05:00:00,6.676197514508697
2021-02-12 06:00:00,6.381
2021-02-12 07:00:00,6.283356507785014
2021-02-12 08:00:00,6.236
2021-02-12 09:00:00,6.390453314369669
2021-02-12 10:00:00,6.6825
2021-02-12 11:00:00,7.011335796260134
2021-02-12 12:00:00,7.342
2021-02-12 13:00:00,7.586575088708419
2021-02-12 14:00:00,7.579
2021-02-12 15:00:00,7.424572090902055
2021-02-12 16:00:00,7.174666666666667
2021-02-12 17:00:00,6.824801184384647
2021-02-12 18:00:00,6.395
2021-02-12 19:00:00,6.061391321096285
2021-02-12 20:00:00,5.907
2021-02-12 21:00:00,5.971703305509465
2021-02-12 22:00:00,6.1259999999999994
2021-02-12 23:00:00,6.397530990210705
2021-02-13 00:00:00,6.7485
2021-02-13 01:00:00,6.98143274346544
2021-02-13 02:00:00,7.227
2021-02-13 03:00:00,7.276588020449691
2021-02-13 04:00:00,7.148
2021-02-13 05:00:00,7.01218620486875
2021-02-13 06:00:00,6.508
2021-02-13 07:00:00,6.341398401298367
2021-02-13 08:00:00,6.173
2021-02-13 09:00:00,6.156190687249196
2021-02-13 10:00:00,6.3740000000000006
2021-02-13 11:00:00,6.732267377059133
2021-02-13 12:00:00,7.055
2021-02-13 13:00:00,7.315103275618759
2021-02-13 14:00:00,7.5855
2021-02-13 15:00:00,7.523304081045171
2021-02-13 16:00:00,7.271000000000001
2021-02-13 17:00:00,6.903372553536659
2021-02-13 18:00:00,6.5695
2021-02-13 19:00:00,6.283874720418508
2021-02-13 20:00:00,5.96
2021-02-13 21:00:00,5.874794816595874
2021-02-13 22:00:00,5.979
2021-02-13 23:00:00,6.285442150218951
2021-02-14 00:00:00,6.644298998417154
2021-02-14 01:00:00,6.901059365369747
2021-02-14 02:00:00,7.186
2021-02-14 03:00:00,7.315204920422134
2021-02-14 04:00:00,7.236
2021-02-14 05:00:00,6.983031826525932
2021-02-14 06:00:00,6.7125
2021-02-14 07:00:00,6.361910881694752
2021-02-14 08:00:00,6.161999999999999
2021-02-14 09:00:00,6.130227396044169
2021-02-14 10:00:00,6.288
2021-02-14 11:00:00,6.5518219942244365
2021-02-14 12:00:00,6.853
2021-02-14 13:00:00,7.157990223003561
2021-02-14 14:00:00,7.4276507282529325
2021-02-14 15:00:00,7.529119362312599
2021-02-14 16:00:00,7.3375
2021-02-14 17:00:00,7.116608880792822
2021-02-14 18:00:00,6.706722210117361
2021-02-14 19:00:00,6.347552251501796
2021-02-14 20:00:00,6.077046941531333
2021-02-14 21:00:00,5.956925187543852
2021-02-14 22:00:00,5.989
2021-02-14 23:00:00,6.122751155585681
2021-02-15 00:00:00,6.527
2021-02-15 01:00:00,6.817084369784894
2021-02-15 02:00:00,7.112
2021-02-15 03:00:00,7.240686615599845
2021-02-15 04:00:00,7.297999999999999
2021-02-15 05:00:00,7.168503285689846
2021-02-15 06:00:00,6.847666666666666
2021-02-15 07:00:00,6.485707382218463
2021-02-15 08:00:00,6.402
2021-02-15 09:00:00,6.151154992769183
2021-02-15 10:00:00,6.142
2021-02-15 11:00:00,6.312930595732645
2021-02-15 12:00:00,6.609
2021-02-15 13:00:00,6.9486415291332335
2021-02-15 14:00:00,7.153
2021-02-15 15:00:00,7.4161047986725555
2021-02-15 16:00:00,7.4559924682490575
2021-02-15 17:00:00,7.306874612558981
2021-02-15 18:00:00,6.940666666666668
2021-02-15 19:00:00,6.5670007149136564
2021-02-15 20:00:00,6.216
2021-02-15 21:00:00,6.135588211930871
2021-02-15 22:00:00,5.997
2021-02-15 23:00:00,6.166434085369499
2021-02-16 00:00:00,6.374934623341051
2021-02-16 01:00:00,6.768235813422341
2021-02-16 02:00:00,6.955
2021-02-16 03:00:00,7.257598011244758
2021-02-16 04:00:00,7.307
2021-02-16 05:00:00,7.2099221068539965
2021-02-16 06:00:00,7.1686
2021-02-16 07:00:00,6.817246906003404
2021-02-16 08:00:00,6.4815000000000005
2021-02-16 09:00:00,6.190357056881277
2021-02-16 10:00:00,6.149666666666666
2021-02-16 11:00:00,6.2568186890275435
2021-02-16 12:00:00,6.4295
2021-02-16 13:00:00,6.767386747471109
2021-02-16 14:00:00,7.0295000000000005
2021-02-16 15:00:00,7.289533498410193
2021-02-16 16:00:00,7.144
2021-02-16 17:00:00,7.188981213752281
2021-02-16 18:00:00,7.041
2021-02-16 19:00:00,6.647943386471234
2021-02-16 20:00:00,6.447
2021-02-16 21:00:00,6.180781129770599
2021-02-16 22:00:00,6.02825
2021-02-16 23:00:00,6.0773466455250365
2021-02-17 00:00:00,6.297
2021-02-17 01:00:00,6.637371236891401
2021-02-17 02:00:00,6.84
2021-02-17 03:00:00,7.204508329311014
2021-02-17 04:00:00,7.441000000000001
2021-02-17 05:00:00,7.3403206389358795
2021-02-17 06:00:00,7.268
2021-02-17 07:00:00,6.955224509701189
2021-02-17 08:00:00,6.74
2021-02-17 09:00:00,6.399991220784739
2021-02-17 10:00:00,6.241
2021-02-17 11:00:00,6.203701064288504
2021-02-17 12:00:00,6.370082285632024
2021-02-17 13:00:00,6.662148788978579
2021-02-17 14:00:00,6.796
2021-02-17 15:00:00,7.066069083932344
2021-02-17 16:00:00,7.121
2021-02-17 17:00:00,7.204646351056585
2021-02-17 18:00:00,7.008
2021-02-17 19:00:00,6.82914470706571
2021-02-17 20:00:00,6.5665
2021-02-17 21:00:00,6.30293948014402
2021-02-17 22:00:00,6.1975
2021-02-17 23:00:00,6.201630523639662
2021-02-18 00:00:00,6.372
2021-02-18 01:00:00,6.6140022003229975
2021-02-18 02:00:00,6.895
2021-02-18 03:00:00,7.080421726231138
2021-02-18 04:00:00,7.390999999999999
2021-02-18 05:00:00,7.357984702324511
2021-02-18 06:00:00,7.372999999999999
2021-02-18 07:00:00,7.117519586227709
2021-02-18 08:00:00,6.867665780012468
2021-02-18 09:00:00,6.624672097501144
2021-02-18 10:00:00,6.48
2021-02-18 11:00:00,6.363757833716575
2021-02-18 12:00:00,6.365
2021-02-18 13:00:00,6.449987069809711
2021-02-18 14:00:00,6.784
2021-02-18 15:00:00,6.813886733264978
2021-02-18 16:00:00,7.130797117826946
2021-02-18 17:00:00,7.099051643871203
2021-02-18 18:00:00,7.098
2021-02-18 19:00:00,6.913776406767295
2021-02-18 20:00:00,6.672
2021-02-18 21:00:00,6.461658537562787
2021-02-18 22:00:00,6.257
2021-02-18 23:00:00,6.300417139967821
2021-02-19 00:00:00,6.385666666666666
2021-02-19 01:00:00,6.426300861071394
2021-02-19 02:00:00,6.700703491633596
2021-02-19 03:00:00,6.993827506022681
2021-02-19 04:00:00,7.118499999999999
2021-02-19 05:00:00,7.264220619479956
2021-02-19 06:00:00,7.2735
2021-02-19 07:00:00,7.049481531019628
2021-02-19 08:00:00,6.9165
2021-02-19 09:00:00,6.708339767499356
2021-02-19 10:00:00,6.587396556678518
2021-02-19 11:00:00,6.604940388387941
2021-02-19 12:00:00,6.477666666666667
2021-02-19 13:00:00,6.40050215913744
2021-02-19 14:00:00,6.515
2021-02-19 15:00:00,6.625488926608955
2021-02-19 16:00:00,6.849154183427846
2021-02-19 17:00:00,6.800741252392316
2021-02-19 18:00:00,6.881683292648982
2021-02-19 19:00:00,6.87556298547196
2021-02-19 20:00:00,6.636936852631394
2021-02-19 21:00:00,6.5566725224230975
2021-02-19 22:00:00,6.426587923137624
2021-02-19 23:00:00,6.317923612086058
2021-02-20 00:00:00,6.379675956001789
2021-02-20 01:00:00,6.434955964910812
2021-02-20 02:00:00,6.514
2021-02-20 03:00:00,6.742678509539602
2021-02-20 04:00:00,7.0085
2021-02-20 05:00:00,7.092449039029923
2021-02-20 06:00:00,7.316000000000001
2021-02-20 07:00:00,7.206110243705311
2021-02-20 08:00:00,7.016
2021-02-20 09:00:00,6.8764098218565355
2021-02-20 10:00:00,6.787575142965753
2021-02-20 11:00:00,6.713848208505871
2021-02-20 12:00:00,6.568
2021-02-20 13:00:00,6.454171258939574
2021-02-20 14:00:00,6.617
2021-02-20 15:00:00,6.633355740466827
2021-02-20 16:00:00,6.727430784045073
2021-02-20 17:00:00,6.705692294445473
2021-02-20 18:00:00,6.792
2021-02-20 19:00:00,6.723863471382946
2021-02-20 20:00:00,6.679333333333333
2021-02-20 21:00:00,6.5561657243726685
2021-02-20 22:00:00,6.488
2021-02-20 23:00:00,6.430332244615509
2021-02-21 00:00:00,6.413
2021-02-21 01:00:00,6.539945184154381
2021-02-21 02:00:00,6.56
2021-02-21 03:00:00,6.7857160960233385
2021-02-21 04:00:00,6.896
2021-02-21 05:00:00,7.008796989298729
2021-02-21 06:00:00,7.205
2021-02-21 07:00:00,7.165413377109464
2021-02-21 08:00:00,7.0715
2021-02-21 09:00:00,7.046269901009141
2021-02-21 10:00:00,6.96528308428487
2021-02-21 11:00:00,6.795609701492338
2021-02-21 12:00:00,6.5845
2021-02-21 13:00:00,6.5801148024664595
2021-02-21 14:00:00,6.590468797432134
2021-02-21 15:00:00,6.644003922466095
2021-02-21 16:00:00,6.587
2021-02-21 17:00:00,6.6033225687509365
2021-02-21 18:00:00,6.6579999999999995
2021-02-21 19:00:00,6.61394672537364
2021-02-21 20:00:00,6.7095
2021-02-21 21:00:00,6.541972527736338
2021-02-21 22:00:00,6.583
2021-02-21 23:00:00,6.569823311472653
2021-02-22 00:00:00,6.593
2021-02-22 01:00:00,6.5188117781000186
2021-02-22 02:00:00,6.623333333333334
2021-02-22 03:00:00,6.731542037169655
2021-02-22 04:00:00,6.736
2021-02-22 05:00:00,6.854758983688391
2021-02-22 06:00:00,7.0395
2021-02-22 07:00:00,7.017021891985896
2021-02-22 08:00:00,7.12
2021-02-22 09:00:00,6.952455991284442
2021-02-22 10:00:00,7.060145493188108
2021-02-22 11:00:00,6.834664395636371
2021-02-22 12:00:00,6.857
2021-02-22 13:00:00,6.7427008566045314
2021-02-22 14:00:00,6.6195
2021-02-22 15:00:00,6.460199079882217
2021-02-22 16:00:00,6.39571526258604
2021-02-22 17:00:00,6.459340445296932
2021-02-22 18:00:00,6.6045
2021-02-22 19:00:00,6.667755899682253
2021-02-22 20:00:00,6.58
2021-02-22 21:00:00,6.5849547088282
2021-02-22 22:00:00,6.688000000000001
2021-02-22 23:00:00,6.5584984720507205
2021-02-23 00:00:00,6.459
2021-02-23 01:00:00,6.49401897707421
2021-02-23 02:00:00,6.612666666666667
2021-02-23 03:00:00,6.590936486065377
2021-02-23 04:00:00,6.588010019014143
2021-02-23 05:00:00,6.8893793139932065
2021-02-23 06:00:00,6.741
2021-02-23 07:00:00,7.026854891275741
2021-02-23 08:00:00,7.096
2021-02-23 09:00:00,7.094124673001602
2021-02-23 10:00:00,7.054
2021-02-23 11:00:00,7.179164894234945
2021-02-23 12:00:00,7.093
2021-02-23 13:00:00,6.974912891948481
2021-02-23 14:00:00,6.631
2021-02-23 15:00:00,6.552521741396765
2021-02-23 16:00:00,6.35193905065184
2021-02-23 17:00:00,6.46487573133528
2021-02-23 18:00:00,6.34925
2021-02-23 19:00:00,6.3362411260680815
2021-02-23 20:00:00,6.4559999999999995
2021-02-23 21:00:00,6.592591604412979
2021-02-23 22:00:00,6.6275
2021-02-23 23:00:00,6.761037111123741
2021-02-24 00:00:00,6.905
2021-02-24 01:00:00,6.770895283819112
2021-02-24 02:00:00,6.784
2021-02-24 03:00:00,6.736991463615735
2021-02-24 04:00:00,6.7701690976647315
2021-02-24 05:00:00,6.7068427817976
2021-02-24 06:00:00,6.7485
2021-02-24 07:00:00,6.793125800933077
2021-02-24 08:00:00,6.993330490784893
2021-02-24 09:00:00,7.093425760199516
2021-02-24 10:00:00,7.267955647509306
2021-02-24 11:00:00,7.300679070078725
2021-02-24 12:00:00,7.182
2021-02-24 13:00:00,7.130452401444712
2021-02-24 14:00:00,7.054
2021-02-24 15:00:00,6.8192252846765475
2021-02-24 16:00:00,6.453735413173195
2021-02-24 17:00:00,6.401246732601158
2021-02-24 18:00:00,6.397922260815204
2021-02-24 19:00:00,6.2757293838302735
2021-02-24 20:00:00,6.3933333333333335
2021-02-24 21:00:00,6.564680762232872
2021-02-24 22:00:00,6.655
2021-02-24 23:00:00,6.732924354910371
2021-02-25 00:00:00,6.911865355322677
2021-02-25 01:00:00,6.936694404356367
2021-02-25 02:00:00,6.905971851113641
2021-02-25 03:00:00,6.7994173561947635
2021-02-25 04:00:00,6.803
2021-02-25 05:00:00,6.590843078498906
2021-02-25 06:00:00,6.5435
2021-02-25 07:00:00,6.758236484623652
2021-02-25 08:00:00,6.865647395478808
2021-02-25 09:00:00,6.9458313735446335
2021-02-25 10:00:00,7.162
2021-02-25 11:00:00,7.378498353059812
2021-02-25 12:00:00,7.432
2021-02-25 13:00:00,7.387415184337248
2021-02-25 14:00:00,7.185
2021-02-25 15:00:00,6.977816228069909
2021-02-25 16:00:00,6.679424770152801
2021-02-25 17:00:00,6.455690424162685
2021-02-25 18:00:00,6.212795988220328
2021-02-25 19:00:00,6.179624929785075
2021-02-25 20:00:00,6.246
2021-02-25 21:00:00,6.366992547665912
2021-02-25 22:00:00,6.641
2021-02-25 23:00:00,6.806884185529724
2021-02-26 00:00:00,7.106887559881193
2021-02-26 01:00:00,7.140349621605132
2021-02-26 02:00:00,7.055
2021-02-26 03:00:00,6.895552264072174
2021-02-26 04:00:00,6.727
2021-02-26 05:00:00,6.6040625774837425
2021-02-26 06:00:00,6.499
2021-02-26 07:00:00,6.493693615011763
2021-02-26 08:00:00,6.569599999999999
2021-02-26 09:00:00,6.834531018264082
2021-02-26 10:00:00,7.0555
2021-02-26 11:00:00,7.351289268589274
2021-02-26 12:00:00,7.523
2021-02-26 13:00:00,7.547499931760344
2021-02-26 14:00:00,7.4559999999999995
2021-02-26 15:00:00,7.2358976132062
2021-02-26 16:00:00,6.905
2021-02-26 17:00:00,6.5934700148505225
2021-02-26 18:00:00,6.294
2021-02-26 19:00:00,6.12443661456668
2021-02-26 20:00:00,6.1345
2021-02-26 21:00:00,6.255951027682133
2021-02-26 22:00:00,6.513333333333333
2021-02-26 23:00:00,6.803009945962473
2021-02-27 00:00:00,6.978
2021-02-27 01:00:00,7.147905790872926
2021-02-27 02:00:00,7.232
2021-02-27 03:00:00,7.059565524511822
2021-02-27 04:00:00,6.922
2021-02-27 05:00:00,6.7082728564399545
2021-02-27 06:00:00,6.464333333333333
2021-02-27 07:00:00,6.345458673214522
2021-02-27 08:00:00,6.377595166166092
2021-02-27 09:00:00,6.598567298032804
2021-02-27 10:00:00,6.844
2021-02-27 11:00:00,7.204154469496582
2021-02-27 12:00:00,7.376327618194974
2021-02-27 13:00:00,7.606876365328879
2021-02-27 14:00:00,7.660700395182889
2021-02-27 15:00:00,7.446106276434396
2021-02-27 16:00:00,7.122736840473136
2021-02-27 17:00:00,6.765166752737615
2021-02-27 18:00:00,6.439
2021-02-27 19:00:00,6.147373908015941
2021-02-27 20:00:00,6.075227787689885
2021-02-27 21:00:00,6.123158762271938
2021-02-27 22:00:00,6.386143130614038
2021-02-27 23:00:00,6.683576581775831
2021-02-28 00:00:00,6.965
2021-02-28 01:00:00,7.275836918423674
2021-02-28 02:00:00,7.357466046491911
2021-02-28 03:00:00,7.222785775059955
2021-02-28 04:00:00,7.0595
2021-02-28 05:00:00,6.828416944784389
2021-02-28 06:00:00,6.5005
2021-02-28 07:00:00,6.343658096151839
2021-02-28 08:00:00,6.277
2021-02-28 09:00:00,6.380799555319965
2021-02-28 10:00:00,6.532712916506006
2021-02-28 11:00:00,6.937202840794527
2021-02-28 12:00:00,7.2875
2021-02-28 13:00:00,7.591695526970289
2021-02-28 14:00:00,7.7595369516418025
2021-02-28 15:00:00,7.6799114360023175
2021-02-28 16:00:00,7.388666666666666
2021-02-28 17:00:00,7.016707989279853
2021-02-28 18:00:00,6.598427411854693
2021-02-28 19:00:00,6.2714003973960555
2021-02-28 20:00:00,6.160227590583435
2021-02-28 21:00:00,6.227203256218083
2021-02-28 22:00:00,6.420525285519435
2021-02-28 23:00:00,6.68839156970693
2021-03-01 00:00:00,6.979
2021-03-01 01:00:00,7.274127005612825
2021-03-01 02:00:00,7.4670000000000005
2021-03-01 03:00:00,7.454638001891745
2021-03-01 04:00:00,7.393879479581637
2021-03-01 05:00:00,7.064135408840392
2021-03-01 06:00:00,6.833
2021-03-01 07:00:00,6.4824190947699885
2021-03-01 08:00:00,6.3017881625359164
2021-03-01 09:00:00,6.2442001651889
2021-03-01 10:00:00,6.37
2021-03-01 11:00:00,6.710663262686516
2021-03-01 12:00:00,7.186
2021-03-01 13:00:00,7.466893508445577
2021-03-01 14:00:00,7.708858957737652
2021-03-01 15:00:00,7.73067229863713
2021-03-01 16:00:00,7.5840000000000005
2021-03-01 17:00:00,7.244618914124142
2021-03-01 18:00:00,6.815624575157992
2021-03-01 19:00:00,6.448913079349373
2021-03-01 20:00:00,6.167
2021-03-01 21:00:00,6.023622577392
2021-03-01 22:00:00,6.108904594731742
2021-03-01 23:00:00,6.3357318818274555
2021-03-02 00:00:00,6.848
2021-03-02 01:00:00,7.210401053141084
2021-03-02 02:00:00,7.541
2021-03-02 03:00:00,7.660163354836198
2021-03-02 04:00:00,7.635841070042577
2021-03-02 05:00:00,7.343739772589294
2021-03-02 06:00:00,6.9745
2021-03-02 07:00:00,6.667274581066499
2021-03-02 08:00:00,6.2631596519372
2021-03-02 09:00:00,6.126112694710069
2021-03-02 10:00:00,6.186999999999999
2021-03-02 11:00:00,6.319751791285141
2021-03-02 12:00:00,6.7445
2021-03-02 13:00:00,7.189991765646037
2021-03-02 14:00:00,7.535113846010456
2021-03-02 15:00:00,7.658805945643333
2021-03-02 16:00:00,7.60458711422287
2021-03-02 17:00:00,7.378729104466645
2021-03-02 18:00:00,7.045333333333333
2021-03-02 19:00:00,6.636161351086761
2021-03-02 20:00:00,6.308249999999999
2021-03-02 21:00:00,6.092693139021809
2021-03-02 22:00:00,6.052
2021-03-02 23:00:00,6.263223754151956
2021-03-03 00:00:00,6.5734335650261455
2021-03-03 01:00:00,7.0081507965806775
2021-03-03 02:00:00,7.397
2021-03-03 03:00:00,7.680558215921375
2021-03-03 04:00:00,7.745442704952491
2021-03-03 05:00:00,7.5880837170784305
2021-03-03 06:00:00,7.217
2021-03-03 07:00:00,6.777116346244363
2021-03-03 08:00:00,6.445749999999999
2021-03-03 09:00:00,6.207990008458419
2021-03-03 10:00:00,6.16
2021-03-03 11:00:00,6.219927387718058
2021-03-03 12:00:00,6.449
2021-03-03 13:00:00,6.803454545684473
2021-03-03 14:00:00,7.135391139636248
2021-03-03 15:00:00,7.459902626618759
2021-03-03 16:00:00,7.486
2021-03-03 17:00:00,7.413572844262004
2021-03-03 18:00:00,7.119666666666667
2021-03-03 19:00:00,6.795309471757033
2021-03-03 20:00:00,6.459
2021-03-03 21:00:00,6.195147124372297
2021-03-03 22:00:00,6.152020770384486
2021-03-03 23:00:00,6.210108194121516
2021-03-04 00:00:00,6.52
2021-03-04 01:00:00,6.879919914546875
2021-03-04 02:00:00,7.186
2021-03-04 03:00:00,7.582364582774342
2021-03-04 04:00:00,7.702249999999999
2021-03-04 05:00:00,7.680781692930064
2021-03-04 06:00:00,7.4595
2021-03-04 07:00:00,7.089600039370872
2021-03-04 08:00:00,6.69
2021-03-04 09:00:00,6.342852527069289
2021-03-04 10:00:00,6.163
2021-03-04 11:00:00,6.116735219692806
2021-03-04 12:00:00,6.269
2021-03-04 13:00:00,6.538888457722425
2021-03-04 14:00:00,6.8395
2021-03-04 15:00:00,7.128188016493016
2021-03-04 16:00:00,7.314333333333333
2021-03-04 17:00:00,7.294602118843249
2021-03-04 18:00:00,7.192
2021-03-04 19:00:00,6.946772636991338
2021-03-04 20:00:00,6.684846415539766
2021-03-04 21:00:00,6.493406178739624
2021-03-04 22:00:00,6.383296338897941
2021-03-04 23:00:00,6.363946903741217
2021-03-05 00:00:00,6.444787880995936
2021-03-05 01:00:00,6.637158480626657
2021-03-05 02:00:00,7.006
2021-03-05 03:00:00,7.331069301010747
2021-03-05 04:00:00,7.565333333333332
2021-03-05 05:00:00,7.666773621734575
2021-03-05 06:00:00,7.539000000000001
2021-03-05 07:00:00,7.295860666131182
2021-03-05 08:00:00,6.9515
2021-03-05 09:00:00,6.615230414651748
2021-03-05 10:00:00,6.323
2021-03-05 11:00:00,6.204999569298142
2021-03-05 12:00:00,6.228
2021-03-05 13:00:00,6.394673799067661
2021-03-05 14:00:00,6.562
2021-03-05 15:00:00,6.805268965778772
2021-03-05 16:00:00,7.038
2021-03-05 17:00:00,7.100782647011503
2021-03-05 18:00:00,7.075
2021-03-05 19:00:00,6.940071160289348
2021-03-05 20:00:00,6.734
2021-03-05 21:00:00,6.474975351275769
2021-03-05 22:00:00,6.321
2021-03-05 23:00:00,6.257835573370668
2021-03-06 00:00:00,6.305
2021-03-06 01:00:00,6.533262333449462
2021-03-06 02:00:00,6.725
2021-03-06 03:00:00,7.126928994848954
2021-03-06 04:00:00,7.364
2021-03-06 05:00:00,7.442219332318863
2021-03-06 06:00:00,7.503500000000001
2021-03-06 07:00:00,7.342815468811667
2021-03-06 08:00:00,7.182
2021-03-06 09:00:00,6.8744075394744355
2021-03-06 10:00:00,6.581250000000001
2021-03-06 11:00:00,6.407429978517657
2021-03-06 12:00:00,6.280888961225016
2021-03-06 13:00:00,6.262342617502462
2021-03-06 14:00:00,6.359
2021-03-06 15:00:00,6.533473478194177
2021-03-06 16:00:00,6.667
2021-03-06 17:00:00,6.853793337188091
2021-03-06 18:00:00,6.885
2021-03-06 19:00:00,6.812917263143053
2021-03-06 20:00:00,6.720321371660331
2021-03-06 21:00:00,6.588293880861658
2021-03-06 22:00:00,6.414
2021-03-06 23:00:00,6.347078024557547
2021-03-07 00:00:00,6.35
2021-03-07 01:00:00,6.388241669943691
2021-03-07 02:00:00,6.553792065507921
2021-03-07 03:00:00,6.779779507414143
2021-03-07 04:00:00,7.02701391752887
2021-03-07 05:00:00,7.222064891530798
2021-03-07 06:00:00,7.289999999999999
2021-03-07 07:00:00,7.316074070935111
2021-03-07 08:00:00,7.218
2021-03-07 09:00:00,7.0489035111032265
2021-03-07 10:00:00,6.815
2021-03-07 11:00:00,6.663183657728701
2021-03-07 12:00:00,6.500232080993156
2021-03-07 13:00:00,6.399870396132758
2021-03-07 14:00:00,6.376
2021-03-07 15:00:00,6.393337092003739
2021-03-07 16:00:00,6.471701217256247
2021-03-07 17:00:00,6.529967027797827
2021-03-07 18:00:00,6.630503504765472
2021-03-07 19:00:00,6.698933088862597
2021-03-07 20:00:00,6.723000000000001
2021-03-07 21:00:00,6.647773927329731
2021-03-07 22:00:00,6.53080462130592
2021-03-07 23:00:00,6.457894360587503
2021-03-08 00:00:00,6.474
2021-03-08 01:00:00,6.517333005966049
2021-03-08 02:00:00,6.550804116470932
2021-03-08 03:00:00,6.691300035466566
2021-03-08 04:00:00,6.789503256987245
2021-03-08 05:00:00,6.935339996609809
2021-03-08 06:00:00,7.0865
2021-03-08 07:00:00,7.238059068352719
2021-03-08 08:00:00,7.173
2021-03-08 09:00:00,7.162476787503049
2021-03-08 10:00:00,7.030666666666666
2021-03-08 11:00:00,6.964950778637091
2021-03-08 12:00:00,6.755
2021-03-08 13:00:00,6.537556325927355
2021-03-08 14:00:00,6.4485
2021-03-08 15:00:00,6.345797917550723
2021-03-08 16:00:00,6.2636666666666665
2021-03-08 17:00:00,6.337795711435048
2021-03-08 18:00:00,6.541
2021-03-08 19:00:00,6.563950087826734
2021-03-08 20:00:00,6.577500000000001
2021-03-08 21:00:00,6.589643471574791
2021-03-08 22:00:00,6.659
2021-03-08 23:00:00,6.680753173373287
2021-03-09 00:00:00,6.670349142427077
2021-03-09 01:00:00,6.622922193665787
2021-03-09 02:00:00,6.5665
2021-03-09 03:00:00,6.5877265904904245
2021-03-09 04:00:00,6.532
2021-03-09 05:00:00,6.74762073514487
2021-03-09 06:00:00,6.8735
2021-03-09 07:00:00,6.974984671774612
2021-03-09 08:00:00,7.141333333333333
2021-03-09 09:00:00,7.194269903029747
2021-03-09 10:00:00,7.234
2021-03-09 11:00:00,7.166832804712236
2021-03-09 12:00:00,7.1194999999999995
2021-03-09 13:00:00,6.8838445812733395
2021-03-09 14:00:00,6.657
2021-03-09 15:00:00,6.525518833377724
2021-03-09 16:00:00,6.378499999999999
2021-03-09 17:00:00,6.307915860145092
2021-03-09 18:00:00,6.22
2021-03-09 19:00:00,6.403793576086621
2021-03-09 20:00:00,6.461
2021-03-09 21:00:00,6.62716125482559
2021-03-09 22:00:00,6.768
2021-03-09 23:00:00,6.821247371414879
2021-03-10 00:00:00,6.882666666666666
2021-03-10 01:00:00,6.873860848267415
2021-03-10 02:00:00,6.763
2021-03-10 03:00:00,6.637488518679548
2021-03-10 04:00:00,6.567
2021-03-10 05:00:00,6.596486180396124
2021-03-10 06:00:00,6.597
2021-03-10 07:00:00,6.728042600721983
2021-03-10 08:00:00,6.927
2021-03-10 09:00:00,7.1293270148572425
2021-03-10 10:00:00,7.187
2021-03-10 11:00:00,7.348178701747774
2021-03-10 12:00:00,7.348
2021-03-10 13:00:00,7.14387017199047
2021-03-10 14:00:00,7.139547927497102
2021-03-10 15:00:00,6.955614484270527
2021-03-10 16:00:00,6.672984160282968
2021-03-10 17:00:00,6.383467666215828
2021-03-10 18:00:00,6.178875712750498
2021-03-10 19:00:00,6.149971952898998
2021-03-10 20:00:00,6.311
2021-03-10 21:00:00,6.4916819423102465
2021-03-10 22:00:00,6.688753266978415
2021-03-10 23:00:00,6.851789568773164
2021-03-11 00:00:00,6.9147980470435195
2021-03-11 01:00:00,6.911467706784031
2021-03-11 02:00:00,6.88
2021-03-11 03:00:00,6.771640455273234
2021-03-11 04:00:00,6.5495
2021-03-11 05:00:00,6.448227015057325
2021-03-11 06:00:00,6.354
2021-03-11 07:00:00,6.456498383989665
2021-03-11 08:00:00,6.605666666666665
2021-03-11 09:00:00,6.800857017480091
2021-03-11 10:00:00,7.071196244905139
2021-03-11 11:00:00,7.250362053935917
2021-03-11 12:00:00,7.348
2021-03-11 13:00:00,7.290121333645778
2021-03-11 14:00:00,7.120666666666666
2021-03-11 15:00:00,6.875780822279949
2021-03-11 16:00:00,6.571000000000001
2021-03-11 17:00:00,6.311242276957437
2021-03-11 18:00:00,6.096
2021-03-11 19:00:00,6.0320652931644885
2021-03-11 20:00:00,6.125500000000001
2021-03-11 21:00:00,6.311553494688025
2021-03-11 22:00:00,6.621
2021-03-11 23:00:00,6.821186247123027
2021-03-12 00:00:00,7.08021458040752
2021-03-12 01:00:00,7.049563237163815
2021-03-12 02:00:00,7.004
2021-03-12 03:00:00,6.870708005475237
2021-03-12 04:00:00,6.672000000000001
2021-03-12 05:00:00,6.46849619496941
2021-03-12 06:00:00,6.31775
2021-03-12 07:00:00,6.2617914105956824
2021-03-12 08:00:00,6.3709999999999996
2021-03-12 09:00:00,6.577350454055137
2021-03-12 10:00:00,6.863666666666666
2021-03-12 11:00:00,7.164515619099104
2021-03-12 12:00:00,7.405811498719255
2021-03-12 13:00:00,7.460616927310047
2021-03-12 14:00:00,7.311
2021-03-12 15:00:00,7.0800687644867555
2021-03-12 16:00:00,6.803
2021-03-12 17:00:00,6.4743110740538246
2021-03-12 18:00:00,6.203
2021-03-12 19:00:00,6.040828399733093
2021-03-12 20:00:00,6.036
2021-03-12 21:00:00,6.174507973158692
2021-03-12 22:00:00,6.429
2021-03-12 23:00:00,6.759965329348296
2021-03-13 00:00:00,7.077999999999999
2021-03-13 01:00:00,7.220959340572175
2021-03-13 02:00:00,7.2145
2021-03-13 03:00:00,7.0711361697250075
2021-03-13 04:00:00,6.824
2021-03-13 05:00:00,6.538040329349153
2021-03-13 06:00:00,6.3505
2021-03-13 07:00:00,6.174889866009978
2021-03-13 08:00:00,6.151423541545769
2021-03-13 09:00:00,6.307818232842572
2021-03-13 10:00:00,6.627
2021-03-13 11:00:00,6.931156812947258
2021-03-13 12:00:00,7.208180613476954
2021-03-13 13:00:00,7.400061895868058
2021-03-13 14:00:00,7.4
2021-03-13 15:00:00,7.286038932515874
2021-03-13 16:00:00,7.058
2021-03-13 17:00:00,6.696985786877549
2021-03-13 18:00:00,6.304
2021-03-13 19:00:00,6.081278815120058
2021-03-13 20:00:00,6.0040000000000004
2021-03-13 21:00:00,6.060832391540522
2021-03-13 22:00:00,6.292
2021-03-13 23:00:00,6.649395158106065
2021-03-14 00:00:00,6.994
2021-03-14 01:00:00,7.171100971316349
2021-03-14 02:00:00,7.3855
2021-03-14 03:00:00,7.2569409699210095
2021-03-14 04:00:00,7.100336981851614
2021-03-14 05:00:00,6.742219311838665
2021-03-14 06:00:00,6.478249999999999
2021-03-14 07:00:00,6.174630186970031
2021-03-14 08:00:00,6.090290730537947
2021-03-14 09:00:00,6.1248610345885615
2021-03-14 10:00:00,6.42125
2021-03-14 11:00:00,6.700484316207192
2021-03-14 12:00:00,7.054
2021-03-14 13:00:00,7.2528539922211515
2021-03-14 14:00:00,7.3985
2021-03-14 15:00:00,7.38670908149235
2021-03-14 16:00:00,7.1885
2021-03-14 17:00:00,6.8112974944107245
2021-03-14 18:00:00,6.511836240712131
2021-03-14 19:00:00,6.175489084343045
2021-03-14 20:00:00,6.044
2021-03-14 21:00:00,6.034594244944053
2021-03-14 22:00:00,6.216
2021-03-14 23:00:00,6.555916122530631
2021-03-15 00:00:00,6.932
2021-03-15 01:00:00,7.252939343522116
2021-03-15 02:00:00,7.386
2021-03-15 03:00:00,7.367938327159544
2021-03-15 04:00:00,7.2315000000000005
2021-03-15 05:00:00,6.8811426441815815
2021-03-15 06:00:00,6.578412940174892
2021-03-15 07:00:00,6.340787778137254
2021-03-15 08:00:00,6.0504999999999995
2021-03-15 09:00:00,6.087062111230946
2021-03-15 10:00:00,6.2485
2021-03-15 11:00:00,6.491872388588324
2021-03-15 12:00:00,6.893
2021-03-15 13:00:00,7.157114793700098
2021-03-15 14:00:00,7.3535
2021-03-15 15:00:00,7.356202253452695
2021-03-15 16:00:00,7.197
2021-03-15 17:00:00,6.905086776759771
2021-03-15 18:00:00,6.6129999999999995
2021-03-15 19:00:00,6.20448018906721
2021-03-15 20:00:00,6.022
2021-03-15 21:00:00,5.985433148756777
2021-03-15 22:00:00,6.165666666666667
2021-03-15 23:00:00,6.4137309800461475
2021-03-16 00:00:00,6.8125
2021-03-16 01:00:00,7.153048441782372
2021-03-16 02:00:00,7.368
2021-03-16 03:00:00,7.422145904862271
2021-03-16 04:00:00,7.3105
2021-03-16 05:00:00,7.058635252903051
2021-03-16 06:00:00,6.737666666666667
2021-03-16 07:00:00,6.392362610845686
2021-03-16 08:00:00,6.095
2021-03-16 09:00:00,6.000373566454604
2021-03-16 10:00:00,6.008690016660575
2021-03-16 11:00:00,6.293262654389389
2021-03-16 12:00:00,6.636787606112184
2021-03-16 13:00:00,6.8808173682476195
2021-03-16 14:00:00,7.238
2021-03-16 15:00:00,7.400772022143792
2021-03-16 16:00:00,7.242000000000001
2021-03-16 17:00:00,7.02122914694189
2021-03-16 18:00:00,6.741249999999999
2021-03-16 19:00:00,6.3895036756146375
2021-03-16 20:00:00,6.121680367713345
2021-03-16 21:00:00,6.008101169641299
2021-03-16 22:00:00,6.097
2021-03-16 23:00:00,6.337902567180971
2021-03-17 00:00:00,6.655
2021-03-17 01:00:00,7.015726712530842
2021-03-17 02:00:00,7.217
2021-03-17 03:00:00,7.447310923406876
2021-03-17 04:00:00,7.388
2021-03-17 05:00:00,7.189502280480342
2021-03-17 06:00:00,6.941
2021-03-17 07:00:00,6.547757991615324
2021-03-17 08:00:00,6.225662999090377
2021-03-17 09:00:00,5.9870988352547245
2021-03-17 10:00:00,6.067
2021-03-17 11:00:00,6.117206526052851
2021-03-17 12:00:00,6.438
2021-03-17 13:00:00,6.727582943691805
2021-03-17 14:00:00,6.961605652995611
2021-03-17 15:00:00,7.204245047218578
2021-03-17 16:00:00,7.2
2021-03-17 17:00:00,7.048967622125145
2021-03-17 18:00:00,6.792349994879804
2021-03-17 19:00:00,6.511138636835198
2021-03-17 20:00:00,6.2368886367682075
2021-03-17 21:00:00,6.10561874882044
2021-03-17 22:00:00,6.1295
2021-03-17 23:00:00,6.302320579881614
2021-03-18 00:00:00,6.58
2021-03-18 01:00:00,6.886884126957294
2021-03-18 02:00:00,7.174
2021-03-18 03:00:00,7.350597886440539
2021-03-18 04:00:00,7.442
2021-03-18 05:00:00,7.3463376625829415
2021-03-18 06:00:00,7.0360000000000005
2021-03-18 07:00:00,6.728461623911116
2021-03-18 08:00:00,6.405848903590021
2021-03-18 09:00:00,6.151052794806343
2021-03-18 10:00:00,6.054
2021-03-18 11:00:00,6.117148956249542
2021-03-18 12:00:00,6.2505
2021-03-18 13:00:00,6.524578811021145
2021-03-18 14:00:00,6.85625
2021-03-18 15:00:00,7.118228846559264
2021-03-18 16:00:00,7.060499999999999
2021-03-18 17:00:00,7.009890241483654
2021-03-18 18:00:00,6.87
2021-03-18 19:00:00,6.580797628860737
2021-03-18 20:00:00,6.418688215000392
2021-03-18 21:00:00,6.183060494888578
2021-03-18 22:00:00,6.1765
2021-03-18 23:00:00,6.273682019013844
2021-03-19 00:00:00,6.442577140414408
2021-03-19 01:00:00,6.782778444531855
2021-03-19 02:00:00,7.037
